Metric,Value
Accuracy,0.9935064935064936
Precision,0.9971751412429378
Recall,0.9832869080779945
